{
  "opt_nz128": {
    "nx": 1536,
    "nz": 128,
    "dx": 0.0122718,
    "dz": 0.0490874,
    "dt": 0.0001227184630368173,
    "dz_over_dx": 4.000016297527665,
    "gamma": 0.09377523587659292,
    "gamma_fit_t0": 17.99838066283177,
    "gamma_fit_t1": 21.99802081012772,
    "gamma_r2": 0.9988739747590863,
    "e_ratio_final": 1.00000008,
    "e_ratio_max": 1.00000008,
    "halted_early": false,
    "n_snapshots": 26
  },
  "opt_nz64": {
    "nx": 1536,
    "nz": 64,
    "dx": 0.0122718,
    "dz": 0.0981748,
    "dt": 0.0001227184630368173,
    "dz_over_dx": 8.00003259505533,
    "gamma": 0.093817351661908,
    "gamma_fit_t0": 17.99838066283177,
    "gamma_fit_t1": 21.99802081012772,
    "gamma_r2": 0.9988739579351502,
    "e_ratio_final": 0.999999991,
    "e_ratio_max": 1.0,
    "halted_early": false,
    "n_snapshots": 26
  },
  "opt_nz32": {
    "nx": 1536,
    "nz": 32,
    "dx": 0.0122718,
    "dz": 0.19635,
    "dt": 0.0001227184630368173,
    "dz_over_dx": 16.00009778516599,
    "gamma": 0.0339971641275178,
    "gamma_fit_t0": 17.99838066283177,
    "gamma_fit_t1": 21.99802081012772,
    "gamma_r2": 0.9978719858632245,
    "e_ratio_final": 0.999999952,
    "e_ratio_max": 1.0,
    "halted_early": false,
    "n_snapshots": 26
  },
  "opt_c0.08": {
    "nx": 1536,
    "nz": 256,
    "dx": 0.0122718,
    "dz": 0.0245437,
    "dt": 0.0009817477042834248,
    "dz_over_dx": 2.0000081487638326,
    "gamma": 0.09380870163838403,
    "gamma_fit_t0": 17.989544933289476,
    "gamma_fit_t1": 21.987221585131582,
    "gamma_r2": 0.9988827012819562,
    "e_ratio_final": 1.00000004,
    "e_ratio_max": 1.00000004,
    "halted_early": false,
    "n_snapshots": 26
  },
  "opt_c0.16": {
    "nx": 1536,
    "nz": 256,
    "dx": 0.0122718,
    "dz": 0.0245437,
    "dt": 0.001963495408333752,
    "dz_over_dx": 2.0000081487638326,
    "gamma": 0.09377527833157678,
    "gamma_fit_t0": 17.989544931153834,
    "gamma_fit_t1": 21.987221582521354,
    "gamma_r2": 0.9988862374520083,
    "e_ratio_final": 1.00000004,
    "e_ratio_max": 1.00000004,
    "halted_early": true,
    "n_snapshots": 26
  },
  "opt_c0.32": {
    "nx": 1536,
    "nz": 256,
    "dx": 0.0122718,
    "dz": 0.0245437,
    "dt": 0.003926990816667504,
    "dz_over_dx": 2.0000081487638326,
    "gamma": 0.09393584781766716,
    "gamma_fit_t0": 17.954202013803826,
    "gamma_fit_t1": 21.94402468353801,
    "gamma_r2": 0.998890023635566,
    "e_ratio_final": 1.00000004,
    "e_ratio_max": 1.00000004,
    "halted_early": false,
    "n_snapshots": 26
  },
  "opt_c0.64": {
    "nx": 1536,
    "nz": 256,
    "dx": 0.0122718,
    "dz": 0.0245437,
    "dt": 0.007853981632573184,
    "dz_over_dx": 2.0000081487638326,
    "gamma": 0.09388746270490665,
    "gamma_fit_t0": 17.9542020120623,
    "gamma_fit_t1": 21.944024681409477,
    "gamma_r2": 0.9988921531326297,
    "e_ratio_final": 1.00000004,
    "e_ratio_max": 1.00000004,
    "halted_early": true,
    "n_snapshots": 26
  },
  "opt_c0.8": {
    "nx": 1536,
    "nz": 256,
    "dx": 0.0122718,
    "dz": 0.0245437,
    "dt": 0.009817477043087337,
    "dz_over_dx": 2.0000081487638326,
    "gamma": 0.09448314036628948,
    "gamma_fit_t0": 17.84817326433278,
    "gamma_fit_t1": 21.814433989740063,
    "gamma_r2": 0.9988955238783296,
    "e_ratio_final": 1.00000004,
    "e_ratio_max": 1.00000004,
    "halted_early": true,
    "n_snapshots": 26
  },
  "opt_combo_nz64_c0.08": {
    "nx": 1536,
    "nz": 64,
    "dx": 0.0122718,
    "dz": 0.0981748,
    "dt": 0.0009817477042834248,
    "dz_over_dx": 8.00003259505533,
    "gamma": 0.09389235771546015,
    "gamma_fit_t0": 17.989544933289476,
    "gamma_fit_t1": 21.987221585131582,
    "gamma_r2": 0.9988809931613205,
    "e_ratio_final": 1.0,
    "e_ratio_max": 1.0,
    "halted_early": false,
    "n_snapshots": 26
  },
  "opt_fastconfig": {
    "nx": 768,
    "nz": 64,
    "dx": 0.0245437,
    "dz": 0.0981748,
    "dt": 0.019634954086174675,
    "dz_over_dx": 4.0,
    "gamma": 0.0955761448118487,
    "gamma_fit_t0": 17.671458677557208,
    "gamma_fit_t1": 21.598449494792142,
    "gamma_r2": 0.9988985257562273,
    "e_ratio_final": 0.999999952,
    "e_ratio_max": 1.0,
    "halted_early": false,
    "n_snapshots": 26
  }
}